사이트,URL,설명,Type tag,Stsge Tage,Paid Tag
Curated,https://www.curated.design,엄선된 고품질 웹 디자인 레퍼런스,,,
Siteinspire,https://www.siteinspire.com,스타일별 웹사이트 디자인 아카이브,,,
Godly,https://godly.website,인터랙션 중심 웹 디자인 큐레이션,,,
Awwwards,https://www.awwwards.com,글로벌 웹 디자인 어워드 및 레퍼런스,,,
Minimal Gallery,https://minimal.gallery,미니멀 웹사이트 디자인 모음,,,
Maxi Best Of One,https://maxibestof.one,웹·브랜딩·디지털 디자인 큐레이션,,,
Steep,https://www.steep.design,SNS 및 스토리 디자인 레퍼런스,,,
Portfolio Project,https://portfolioproject.io,디자이너·개발자 포트폴리오 모음,,,
Dark Mode Design,https://www.darkmodedesign.com,다크모드 UI 디자인 아카이브,,,
Spotted in Prod,https://www.spottedinprod.com,실제 iOS 앱 UI 및 인터랙션 영상,,,
Footer Design,https://footer.design,푸터 디자인 레퍼런스,,,
Mobbin,https://mobbin.com,실제 서비스 UI와 User Flow 아카이브,,,
Refero,https://refero.design,실제 프로덕트 UX 패턴 검색,,,
Userspoon,https://diby.io/upa,국내외 UX 패턴 및 유저 저니,,,
Notefolio,https://notefolio.net,국내 디자이너 포트폴리오 플랫폼,,,
DBCUT,https://www.dbcut.com,국내 웹사이트 레퍼런스,,,
Landing Love,https://www.landing.love,고품질 랜딩페이지 큐레이션,,,
Lapa Ninja,https://www.lapa.ninja,랜딩페이지 레퍼런스,,,
Land-book,https://land-book.com,랜딩페이지 디자인 아카이브,,,
SaaSpo,https://www.saaspo.com,SaaS UI 디자인 사례,,,
Httpster,https://httpster.net,실험적·브루탈리즘 웹사이트,,,
MUUUUU.ORG,https://muuuuu.org,일본 웹디자인 아카이브,,,
One Page Love,https://onepagelove.com,원페이지 사이트 레퍼런스,,,
Romotion,https://romotion.io,SaaS 및 스타트업 웹 디자인 레퍼런스,,,
Lucide,https://lucide.dev,오픈소스 SVG 아이콘,,,
Heroicons,https://heroicons.com,Tailwind 공식 아이콘,,,
Flaticon,https://www.flaticon.com,아이콘 및 스티커 라이브러리,,,
Circum Icons,https://circumicons.com,미니멀 아이콘 세트,,,
Hugeicons,https://hugeicons.com,프리미엄 아이콘 라이브러리,,,
Component Gallery,https://component.gallery,디자인 시스템 컴포넌트 사례,,,
Untitled UI,https://www.untitledui.com,Figma UI Kit 및 디자인 시스템,,,
Navbar Gallery,https://www.navbar.gallery,네비게이션 UI 모음,,,
CTA Gallery,https://www.cta.gallery,CTA 버튼 및 섹션 레퍼런스,,,
Unsplash,https://unsplash.com,무료 고해상도 이미지,,,
Pexels,https://www.pexels.com,무료 사진 및 영상,,,
Google Fonts,https://fonts.google.com,무료 웹폰트 라이브러리,,,
Coolors,https://coolors.co,컬러 팔레트 생성기,,,
Color Hunt,https://colorhunt.co,트렌디 컬러 팔레트,,,
ColorHub,https://colorhub.app,컬러 추천 및 탐색,,,
Kigen Design,https://kigen.design/color,시스템 컬러 생성기,,,
Grabient,https://www.grabient.com,CSS 그라데이션 생성,,,
Gradients Colorion,https://gradients.colorion.co,그라데이션 라이브러리,,,
Tooooools,https://www.tooooools.app,그래픽 효과 생성 도구,,,
Remove.bg,https://www.remove.bg,AI 배경 제거,,,
TinyPNG,https://tinypng.com,이미지 압축,,,
Law of UX,https://lawsofux.com,UX 법칙 모음,,,
Nielsen Norman Group,https://www.nngroup.com,UX 리서치 및 가이드,,,
UX Collective,https://uxdesign.cc,UX 아티클,,,
It's Nice That,https://www.itsnicethat.com,디자인 뉴스 및 사례,,,
AURG Design,https://www.aurg.kr,브랜딩 및 패키지 디자인,,,
Brandpad,https://brandpad.io,브랜드 가이드 플랫폼,,,
Visuelle,https://visuelle.co.uk,브랜딩 레퍼런스,,,
Rebrand Gallery,https://www.rebrand.gallery,글로벌 리브랜딩 사례,,,
Design Everywhere,https://designeverywhere.co,그래픽 디자인 아카이브,,,
Cosmos,https://www.cosmos.so,비주얼 레퍼런스 저장 및 탐색,,,
Savee,https://savee.com,비주얼 레퍼런스 컬렉션,,,
Behance,https://www.behance.net,글로벌 크리에이티브 포트폴리오,,,
Dribbble,https://dribbble.com,UI·브랜딩 쇼케이스,,,
Design Spells,https://www.designspells.com,디자인 큐레이션,,,
Recent Design,https://recent.design,최신 디자인 트렌드,,,
Collect UI,https://collectui.com,UI 디자인 레퍼런스,,,
UX Bites,https://builtformars.com/ux-bites,UX 사례 분석,,,
Design Vault,https://designvault.io,UI 패턴 저장소,,,
Details Matter,https://detailsmatter.framer.website,마이크로 인터랙션 사례,,,
Viewport UI,https://viewport-ui.design,UI 큐레이션,,,
Unsection,https://www.unsection.com,웹 섹션 레퍼런스,,,
Dark,https://www.dark.design,다크 UI 레퍼런스,,,
Browsing Mode,https://browsingmode.com,실험적 웹 디자인,,,
Dead Simple Sites,https://deadsimplesites.com,미니멀 웹사이트 모음,,,
The Whimsical Web,https://whimsical.club,독창적인 웹 디자인,,,
Hoverstat.es,https://hoverstat.es,실험적 인터랙션 웹사이트,,,
Three.js Paris,https://threejs.paris,Three.js 기반 3D 웹 사례,,,
Buttermax,https://buttermax.net,모션 중심 웹 경험,,,
Supahero,https://www.supahero.io,Hero Section 레퍼런스,,,
OGimage.gallery,https://ogimage.gallery,Open Graph 이미지 사례,,,
404s,https://www.404s.design,404 페이지 디자인,,,
Pricing Pages,https://pricingpages.design,Pricing 페이지 사례,,,
Websitevice,https://websitevice.com,실무 중심의 웹사이트 디자인 레퍼런스,,,
The FWA,https://thefwa.com,인터랙티브 웹사이트 어워드 및 쇼케이스,,,
A Fresh Website,https://a-fresh.website,최신 크리에이티브 웹사이트 큐레이션,,,
Crypto Design Club,https://cryptodesign.club,Web3·Crypto 서비스 디자인 아카이브,,,
Utopia Tokyo,https://www.utopiatokyo.com,일본 감성의 인터랙티브 웹 디자인,,,
Laxspace,https://www.laxspace.co,미니멀 디자인 스튜디오 레퍼런스,,,
Sons and Daughters,https://sonsanddaughters.xyz,시네마틱 크리에이티브 에이전시 사이트,,,
Sutera,https://www.sutera.ch,스위스 스타일의 브랜드 웹사이트,,,
Vert Menthe × Dault-Lafon,https://thevertmenthe.dault-lafon.fr,럭셔리 브랜드 인터랙티브 웹 경험,,,
Drum Spirit,https://www.drumspirit.be,모션 중심의 인터랙티브 웹사이트,,,
Getty Tracing Art,https://www.getty.edu/tracingart,인터랙티브 디지털 전시 경험,,,
igloo,https://www.igloo.inc,크리에이티브 에이전시 웹사이트,,,
Handheld Design,https://handheld.design,모바일 앱 UI 디자인 레퍼런스,,,
Page Flows,https://pageflows.com,실제 앱 User Flow 영상 및 스크린샷,,,
iOS Icon Gallery,https://www.iosicongallery.com,iOS 앱 아이콘 디자인 컬렉션,,,
Pushkeen.AI,https://pushkeen.ai,실제 앱 Push Notification 패턴,,,
Scrnshts,https://scrnshts.club,App Store 스크린샷 디자인 아카이브,,,
Auto Interfaces,https://www.autointerfaces.com,자동차 인포테인먼트 UI 레퍼런스,,,
HUDS + GUIS,https://www.hudsandguis.com,게임·SF HUD 및 GUI 디자인 아카이브,,,
SaaSFrame,https://www.saasframe.io,SaaS 서비스 UI 및 Dashboard 사례,,,
SaaS Interface,https://saasinterface.com,SaaS 웹앱 UI 레퍼런스,,,
Mindsparkle Mag,https://mindsparklemag.com,웹·브랜딩·그래픽·모션 디자인 매거진,,,
Nicelydone,https://nicelydone.club,SaaS 및 Web App UI 큐레이션,,,
Webframe,https://webframe.xyz,Web App UI 스크린샷 아카이브,,,
Really Good Emails,https://www.reallygoodemails.com,이메일 UI 및 뉴스레터 디자인 사례,,,
Vidclue,https://vidclue.com,숏폼·광고 영상 레퍼런스,,,
Dieline,https://thedieline.com,패키지 디자인 전문 아카이브,,,
Interface Index,https://interface-index.com,다양한 인터페이스 디자인 컬렉션,,,
ChainGPT Labs,https://labs.chaingpt.org,AI·Web3 프로덕트 UI 사례,,,
Commerce Cream,https://commercecream.com,이커머스 웹사이트 디자인 큐레이션,,,
ecomm.design,https://ecomm.design,글로벌 이커머스 UI 사례,,,
tiny blocks,https://www.tinyblocks.cc,이커머스 UI 컴포넌트 모음,,,
PFolios,https://pfolios.net,디자이너 포트폴리오 큐레이션,,,
Bestfolios,https://www.bestfolios.com,우수 디자이너 포트폴리오 아카이브,,,
Prettyfolio,https://www.prettyfolio.com,포트폴리오 및 케이스스터디 레퍼런스,,,
Pafolios,https://pafolios.com,크리에이티브 포트폴리오 큐레이션,,,
Jessica Wells,https://www.jessicawells.co,개인 포트폴리오 우수 사례,,,
Lummi,https://www.lummi.ai,AI 생성 무료 스톡 이미지,,,
500px,https://500px.com,고품질 사진 포트폴리오 플랫폼,,,
Flickr,https://www.flickr.com,글로벌 사진 커뮤니티,,,
YouPic,https://youpic.com,사진작가 작품 및 영감,,,
ViewBug,https://www.viewbug.com,수상작 중심 사진 갤러리,,,
Eyecandy,https://eyecannndy.com,모션 그래픽 및 UI 애니메이션 사례,,,
Brands in Motion,https://www.brandsinmotion.xyz,브랜드 모션 디자인 레퍼런스,,,
Art of the Title,https://www.artofthetitle.com,영화·드라마 타이틀 시퀀스 아카이브,,,
Wannathis Mockups,https://wannathis.one/mockups,고품질 디바이스 및 브랜딩 목업 리소스,,,
Smartphone Mockups,https://smartphonemockup.com,스마트폰 중심 PSD 목업 라이브러리,,,
Craftwork,https://craftwork.design,"UI Kit, 목업, 일러스트, 아이콘 등 디자인 리소스",,,
Shots,https://shots.so,브라우저·디바이스 목업을 빠르게 생성하는 웹 서비스,,,
Mockups Design,https://mockups-design.com,무료 PSD 목업 라이브러리,,,
Unblast Mockups,https://unblast.com/mockups,다양한 무료 목업 리소스 모음,,,
Spline Mockups,https://spline.design/community,3D 기반 디바이스 및 제품 목업,,,
Mockup World,https://www.mockupworld.co,디자인 분야별 무료 목업 큐레이션,,,
Bendito Mockup,https://benditomockup.com,애플 디바이스 및 브랜드 목업,,,
Creatoom,https://creatoom.com/mockups,PSD 기반 무료 목업 라이브러리,,,
Package Mockups,https://packagemockups.com,패키지·박스·라벨 목업 전문,,,
Freebiesbug,https://freebiesbug.com,"무료 UI Kit, 목업, 아이콘 리소스",,,
Mr.Mockup,https://mrmockup.com,프리미엄 브랜드 및 디바이스 목업,,,
Mockup Maison (Whole Store),https://mockup.maison,200개 이상의 프리미엄 목업 컬렉션,,,
LS Graphics,https://www.ls.graphics/free-mockups,Figma·PSD·Sketch 지원 고품질 디바이스 목업,,,
Made Marked Goods,https://mademarkedgoods.gumroad.com,애플 디바이스 및 프리미엄 목업 에셋,,,
Emboss card,https://emboss-card.com/,카드 스타일의 엠보싱 디자인 오픈소스,,,
Clarity,https://clarity.microsoft.com/lang/ko-kr,"마이크로소프트의 무료 웹 분석 tools (히트맵, 세션 리플레이)",,,
GSap,GSap.com,고성능 웹 애니메이션 및 인터랙션 구현용 자바스크립트 라이브러리,,,
Norrly,norrly.io,북유럽 스타일 감성의 미니멀 브랜드 디자인 스튜디오 레퍼런스,,,
Getlayes,getlayes.ai,AI 기반 프론트엔드 레이아웃 및 디자인 자동 생성 도구,,,
Aceternity,ui.aceternity.com,애니메이션 중심의 최신 React & Tailwind UI 컴포넌트 모음,,,
Internet archive,archive.org,"무료 도서, 웹페이지, 디지털 에셋 등을 보관하는 세계 최대 인터넷 아카이브",,,
The east asian graphics archive,eastasiangraphicsarchive.com,동아시아(한국·일본·중국 등) 그래픽 디자인 아카이브,,,
Motionsites,motionsites.ai,AI 기술과 웹 모션을 적용한 최신 모션 웹사이트 레퍼런스,,,
Nosignups,https://nosignups.net/,회원가입이나 로그인 없이 바로 사용할 수 있는 무료 웹 서비스 모음,,,
Freesourc,https://freesourc.es/,"디자인, 개발, 그래픽 관련 다양한 무료 리소스 종합 큐레이션",,,
Doodle font,https://fontesk.com/your-doodle-font/,손글씨룰 폰트로 제작할 수 있는 도구,,,
Type tools,https://typetools.co/,타이포그래피 및 폰트 유틸리티 도구,,,
Uncut,https://uncut.wtf/,오픈소스 및 무료 파운드리 폰트 아카이브,,,
Free faces gallary,https://www.freefaces.gallery/,엄선된 고품질 무료 폰트 큐레이션,,,
Typetype,https://typetype.org/,글로벌 독립 폰트 파운드리,,,
Fontshare,https://www.fontshare.com/,ITF 제작 무료 웹폰트 서비스,,,
Meta flop,https://www.metaflop.com/,파라메트릭 폰트 커스텀 모듈레이터,,,
Giulia b,https://giuliaboge.com/,타입 디자이너 Giulia Boge 폰트,,,
Display,https://displaytypefaces.com/,디스플레이 폰트 모음 및 파운드리,,,
Bretagne,https://www.collletttivo.it/,오픈소스 디스플레이 폰트 Bretagne,,,
Nouvellnoire,https://nouvellenoire.ch/,스위스 독립 폰트 파운드리,,,
Hal typefaces,https://haltypefaces.com/,독립 타입 디자인 파운드리,,,
Pangrampangram,https://pangrampangram.com/,트렌디한 프리미엄 & 무료 폰트 파운드리,,,
BKLit UI,https://bklitui.com/,shadcn/ui 기반 오픈소스 차트 및 UI 컴포넌트,,,
Pagespeedweb.dev,https://pagespeed.web.dev/,구글 웹 로딩 속도 및 성능 측정 도구,,,
WebAIM:Contrast Checker,https://webaim.org/resources/contrastchecker/,웹 접근성 색상 대비 검사기,,,
Backdrop.love,https://backdrop.love/,배경 그라데이션 및 비주얼 패턴,,,
21st.dev,https://21st.dev/,React 및 Tailwind UI 컴포넌트 공유 커뮤니티,,,
Animmasterlib.dev,https://animmasterlib.dev/,인터랙티브 웹 및 모션 라이브러리,,,
3d motion,https://www.raylight.app/,3D 모션 & 쇼케이스 비디오 생성 도구,,,
Vibeui.onlie,https://vibeui.online/,AI 바이브 코더용 UI 프롬프트 라이브러리,,,
60fps.design,https://60fps.design/,고화질 앱/웹 모션 인터랙션 레퍼런스,,,
Booklet library,https://www.booklet-app.com/,웹 기반 리딩 라이브러리 및 디자인,,,
Another graphic,https://anothergraphic.org/,타이포그래피 중심 그래픽 디자인 아카이브,,,
Scanned fashion world,https://www.scannedfashionworld.com/,패션 잡지 & 룩북 고화질 스캔 아카이브,,,
Watermelon ui,https://ui.watermelon.sh/,인터랙티브 애니메이션 React 컴포넌트,,,
Oult ui,https://www.cult-ui.com/,디자인 엔지니어용 React & Tailwind 컴포넌트,,,
Skiper ui,https://skiper-ui.com/,Next.js & shadcn/ui 기반 모션 UI 컴포넌트,,,
Shapefest,https://www.shapefest.com/,고해상도 무료 3D 그래픽/도형 에셋,,,
Vengence ui,https://www.vengenceui.com/,호버/스크롤 애니메이션 React 컴포넌트,,,
ThreeUI,https://threeui.com/,Three.js & WebGL 기반 3D 웹 컴포넌트,,,